Name,Height,Weight
Max,174.000000,61.000000
Jeremy,165.000000,65.000000
Avin,158.000000,62.000000
AVERAGE,165.666667,62.666667